{"_runtime":1064,"_step":19,"train_loss":1.229868114223407,"train_acc":56.928,"val_loss":0.9416826452119663,"val_acc":68.11,"_timestamp":1.7608450801686733e+09,"_wandb":{"runtime":1064}}