{"_step":19,"train_loss":1.948390548914118,"train_acc":29.62,"val_loss":1.7171358155747192,"val_acc":35.8,"_wandb":{"runtime":1062},"_runtime":1062,"_timestamp":1.7608430512947507e+09}