{"_wandb":{"runtime":343},"_runtime":343,"train_loss":1.9556588893351348,"train_acc":28.192,"val_loss":1.8568263372797875,"val_acc":32.94,"_timestamp":1.7607773904904923e+09,"_step":4}