{"val_acc":59.16,"_timestamp":1.7609326469791174e+09,"_wandb":{"runtime":3508},"_runtime":3508,"_step":49,"train_loss":1.428795080050788,"train_acc":49.946,"val_loss":1.1932812159574484}