{"_timestamp":1.7607723269753518e+09,"_step":49,"train_loss":1.1741237922959502,"train_acc":58.55,"val_loss":0.9141508428433451,"_wandb":{"runtime":3394},"_runtime":3394,"val_acc":68.59}