{"_timestamp":1.7608593597033322e+09,"_wandb":{"runtime":2742},"_runtime":2742,"_step":49,"train_loss":1.1598907640523008,"train_acc":59.436,"val_loss":0.8989261681107199,"val_acc":70.02}