{"_runtime":351,"train_acc":44.18,"val_loss":2.058046296903282,"val_acc":41.13,"_timestamp":1.7607649774779341e+09,"_step":4,"train_loss":1.5558880314497692,"_wandb":{"runtime":351}}