{"train_acc":66.342,"val_loss":0.8719070206714582,"_wandb":{"runtime":1528},"_runtime":1528,"val_acc":71.85,"_timestamp":1.7608609001599286e+09,"_step":29,"train_loss":0.9670367057975906}