{"train_loss":1.4110289966053975,"train_acc":50.032,"val_loss":1.1763685960678538,"val_acc":59.3,"_wandb":{"runtime":2643},"_runtime":2643,"_timestamp":1.760909631983916e+09,"_step":49}