{"val_acc":10,"_timestamp":1.760893883950358e+09,"_wandb":{"runtime":973},"_runtime":973,"_step":19,"train_loss":2.316566957240675,"train_acc":9.954,"val_loss":2.312887422573833}