{"_timestamp":1.7609043060449147e+09,"_step":29,"train_loss":2.301222459129665,"train_acc":13.168,"val_loss":2.2990798225885705,"_wandb":{"runtime":1410},"_runtime":1410,"val_acc":15.92}