{"_wandb":{"runtime":1487},"_runtime":1487,"_step":29,"train_loss":0.8962870977266365,"train_acc":69.024,"val_loss":0.6043150066190465,"val_acc":80.56,"_timestamp":1.760915233808594e+09}