{"_step":49,"train_loss":0.7880898789572396,"train_acc":72.51,"val_loss":0.5985738597691249,"val_acc":81.09,"_timestamp":1.7609191530337048e+09,"_wandb":{"runtime":2843},"_runtime":2843}