{"val_acc":63.7,"_timestamp":1.7608618598552356e+09,"_step":19,"train_loss":1.2887741978071174,"_wandb":{"runtime":947},"_runtime":947,"train_acc":54.322,"val_loss":1.0642930403351785}