{"_timestamp":1.7608963775848393e+09,"_step":49,"_wandb":{"runtime":2472},"_runtime":2472,"train_loss":1.6838658192883367,"train_acc":40.098,"val_loss":1.4728245218847966,"val_acc":48.42}