{"_runtime":1047,"_step":19,"train_loss":1.5617489890979075,"train_acc":44.936,"val_loss":1.2895999558412345,"val_acc":54.82,"_timestamp":1.7609162957253149e+09,"_wandb":{"runtime":1047}}