{"train_loss":0.9666136965413011,"train_acc":66.526,"val_loss":0.7121088285796559,"val_acc":76.26,"_wandb":{"runtime":1134},"_runtime":1134,"_timestamp":1.760863965284144e+09,"_step":19}