{"val_loss":1.3846937888746809,"val_acc":50.16,"_timestamp":1.760912135231364e+09,"_step":49,"train_loss":1.6634602720475258,"_wandb":{"runtime":2486},"_runtime":2486,"train_acc":40.486}