{"train_loss":1.4825584110508954,"train_acc":47.338,"val_loss":1.3349638152808045,"val_acc":52.37,"_timestamp":1.7609220328380346e+09,"_wandb":{"runtime":2868},"_runtime":2868,"_step":49}