{"train_loss":1.1137508322471086,"train_acc":60.826,"val_loss":1.4132262439773486,"val_acc":55.85,"_timestamp":1.7609513652627525e+09,"_wandb":{"runtime":7577},"_runtime":7577,"_step":49}