{"val_loss":0.7355416787278121,"val_acc":77.02,"_timestamp":1.7609137339448156e+09,"_wandb":{"runtime":1584},"_runtime":1584,"_step":29,"train_loss":0.8699128768023323,"train_acc":69.852}