{"train_acc":37.404,"val_loss":1.708796638250351,"val_acc":40.99,"_timestamp":1.7608440063350666e+09,"_step":19,"train_loss":1.747047125076761,"_wandb":{"runtime":941},"_runtime":941}