{"train_loss":1.7583866512683957,"train_acc":37.678,"_wandb":{"runtime":1114},"_runtime":1114,"val_loss":1.5207747289329578,"val_acc":45.24,"_timestamp":1.7608991282840397e+09,"_step":19}