{"_wandb":{"runtime":299},"_runtime":299,"_timestamp":1.7607688702865262e+09,"_step":3,"train_loss":1.6832965507159534,"train_acc":39.77,"val_loss":2.0291708128901718,"val_acc":35.75}