{"train_loss":0.8445628607059683,"train_acc":70.588,"val_loss":0.5617066550103924,"val_acc":81.87,"_timestamp":1.7609017357452054e+09,"_wandb":{"runtime":1444},"_runtime":1444,"_step":29}