{"val_loss":2.303114139995636,"val_acc":10,"_timestamp":1.7608979999676843e+09,"_step":29,"_wandb":{"runtime":1607},"_runtime":1607,"train_loss":2.303861984288319,"train_acc":10.12}