{"train_acc":56.406,"val_loss":1.0094711427475995,"_wandb":{"runtime":3860},"_runtime":3860,"val_acc":65.1,"_timestamp":1.7609365290845716e+09,"_step":49,"train_loss":1.2409041728205084}