{"_step":29,"train_loss":1.256550916854073,"train_acc":55.958,"val_loss":0.9501531158283258,"val_acc":67.63,"_timestamp":1.7609437733602123e+09,"_wandb":{"runtime":2278},"_runtime":2278}