{"val_loss":0.9416224271059036,"_wandb":{"runtime":2854},"_runtime":2854,"val_acc":67.12,"_timestamp":1.7609542364932344e+09,"_step":49,"train_loss":1.2240665895598275,"train_acc":57.478}