{"val_acc":41.62,"_timestamp":1.7608628213532476e+09,"_step":19,"train_loss":1.8539476796072356,"train_acc":33.628,"_wandb":{"runtime":944},"_runtime":944,"val_loss":1.6121307462453842}