{"_wandb":{"runtime":2632},"_runtime":2632,"val_acc":63.41,"_timestamp":1.7607684573752823e+09,"_step":35,"train_loss":1.3112283745257425,"train_acc":53.892,"val_loss":1.0456289841344182}