{"_runtime":1128,"val_loss":0.623442685689789,"val_acc":79.93,"_timestamp":1.7609028748824868e+09,"_step":19,"train_loss":0.8437066759082346,"train_acc":70.672,"_wandb":{"runtime":1128}}