{"_wandb":{"runtime":2598},"_runtime":2598,"_step":49,"train_loss":0.9928725444142471,"train_acc":65.194,"val_loss":0.8166003483760206,"val_acc":73.32,"_timestamp":1.7608566069323463e+09}