{"train_acc":73.334,"val_loss":0.520611259713769,"val_acc":82.53,"_timestamp":1.7608474252731986e+09,"_step":49,"_wandb":{"runtime":2335},"_runtime":2335,"train_loss":0.7737998214303231}