{"_runtime":1328,"val_loss":0.8365737277611046,"val_acc":73.85,"_timestamp":1.760777022007205e+09,"_step":19,"train_loss":0.9021830391853362,"train_acc":68.78,"_wandb":{"runtime":1328}}