{"val_loss":1.478015586733818,"val_acc":45.63,"_timestamp":1.7607658430278134e+09,"_step":11,"train_loss":1.7302648492005406,"_wandb":{"runtime":883},"_runtime":883,"train_acc":37.814}