{"val_loss":1.698734601465658,"val_acc":37.97,"_timestamp":1.7609414800833519e+09,"_step":29,"train_loss":1.9276907315867418,"train_acc":31.06,"_wandb":{"runtime":2637},"_runtime":2637}