{"val_acc":66,"_timestamp":1.760938827851993e+09,"_wandb":{"runtime":2284},"_runtime":2284,"_step":29,"train_loss":1.2418415183606355,"train_acc":56.508,"val_loss":0.9701439059233363}