{"_timestamp":1.760906976356161e+09,"_wandb":{"runtime":2658},"_runtime":2658,"_step":49,"train_loss":1.8658244313144257,"train_acc":32.156,"val_loss":1.6289567715062883,"val_acc":41}