{"_timestamp":1.7609291228652833e+09,"_step":49,"train_loss":1.1683063989557574,"train_acc":58.774,"_wandb":{"runtime":3545},"_runtime":3545,"val_loss":0.9004151149160543,"val_acc":68.21}