{"val_acc":16.97,"_timestamp":1.7608419785225747e+09,"_step":29,"train_loss":2.752891244790743,"_wandb":{"runtime":1418},"_runtime":1418,"train_acc":16.518,"val_loss":2.8920695781707764}