{"_runtime":2484,"train_loss":0.814832802623739,"train_acc":71.898,"val_loss":0.5368301811852033,"val_acc":82.63,"_timestamp":1.7607645730220041e+09,"_step":49,"_wandb":{"runtime":2484}}