{"_wandb":{"runtime":1120},"_runtime":1120,"val_acc":69.36,"_timestamp":1.7609002695104535e+09,"_step":19,"train_loss":1.1870882349447494,"train_acc":58.336,"val_loss":0.9068078115915719}