{"val_acc":26.86,"_timestamp":1.7608405461310241e+09,"_wandb":{"runtime":1015},"_runtime":1015,"_step":19,"train_loss":1.9439736580299904,"train_acc":26.444,"val_loss":1.865637769365007}