{"_runtime":3516,"train_loss":0.7183412119164653,"train_acc":74.964,"val_loss":0.46670316195430844,"val_acc":85.44,"_timestamp":1.7609255606943765e+09,"_step":49,"_wandb":{"runtime":3516}}